{
	"metricSubmitId": 1,
	"metricTemplateId": 1,
	"templateName": "T1",
	"submittedAt": 1692618576,
	"projectTypeId": 1,
	"accountId":1,
	"businessUnitId":100,
	"templateUploadedUserId": 1,
	"submittedBy": 56,
	"projectId": 1,
	"templateUploadedUserName": "Ravi",
	"reviewers": [
		{
			"reviewerId": 1,
			"reviewerAt": 1692618576,
			"comment": ""
		}
	],
	"projectCategory": [
		{
			"categoryName": "Requirement Phase",
			"templateQuestionnaire": [
				{
					"questionId": 1,
					"fieldType": "radio",
					"question": "1. How well-defined are the project objectives? ",
					"valueType": "number",
					"answerValue":[1],
					"answerData": [
						{
							"lable": "yes",
							"value": 1
						},
						{
							"lable": "No",
							"value": 0
						}
					]
				},
				{
					"questionId": 2,
					"question": "1. How well-defined are the project objectives? ",
					"fieldType": "checkbox",
					"valueType": "number",
					"answerValue":[1,2],
					"answerData": [
						{
							"lable": "importan",
							"value": 1
						},
						{
							"lable": "very important",
							"value": 2
						},
						{
							"lable": "Not importan",
							"value": 3
						},
						{
							"lable": "important",
							"value": 5
						}
					]
				},
						{
					"questionId": 10,
					"question": "1. How well-defined are the project objectives? ",
					"fieldType": "dropdown",
					"valueType": "number",
					"answerValue":[5],
					"answerData": [
						{
							"lable": "importan",
							"value": 1
						},
						{
							"lable": "very important",
							"value": 2
						},
						{
							"lable": "Not importan",
							"value": 3
						},
						{
							"lable": "important",
							"value": 5
						}
					]
				}
			]
		},
		{
			"categoryName": "Intial category",
			"templateQuestionnaire": [
				{
					"questionId": 3,
					"question": "1. How well-defined are the project objectives? ",
					"fieldType": "range",
					"valueType": "number",
					"answerValue":[7],
					"max": 10,
					"min": 5
				},
				{
					"questionId": 4,
					"question": "1. How well-defined are the project objectives? ",
					"fieldType": "NUMBER",
					"answerValue":[8.7],
					"valueType": "decimal",
					"max": 9.5,
					"min": 4.5
				},
				
				{
					"questionId": 5,
					"question": "1. How well-defined are the project objectives? ",
					"fieldType": "text",
					"answerValue":["How well-defined are the project objectives?"],
					"valueType": "text"
				}
			]
		}
	],
	"submitStatus": "SAVE",
	"accountName": "C_First Abu Dhabi Bank",
	"businessUnitName": "QE (QEX)",
	"projectName": "UNB - Testing Services - QA"
}