[
  {
    "submittedBy": 56,
    "assessmentId": 1,
    "submittedAt": 1692618576,
    "projectId": 1,
    "templateId": null,
    "clientName": null,
    "projectName": null,
    "submitStatus": "SAVE"
  },
  {
    "submittedBy": 56,
    "assessmentId": 1,
    "submittedAt": 1692618576,
    "projectId": 1,
    "templateId": null,
    "clientName": null,
    "projectName": null,
    "submitStatus": "SAVE"
  },
  {
    "submittedBy": 56,
    "assessmentId": 1,
    "submittedAt": 1692618576,
    "projectId": 1,
    "templateId": null,
    "clientName": null,
    "projectName": null,
    "submitStatus": "SAVE"
  },
  {
    "submittedBy": 56,
    "assessmentId": 1,
    "submittedAt": 1692618576,
    "projectId": 1,
    "templateId": null,
    "clientName": null,
    "projectName": null,
    "submitStatus": "SAVE"
  }
]