[
  {
    "id": 344851228,
    "projectCode": null,
    "projectName": "Support Functions | Administration",
    "accountName": "Maveric Internal Project",
    "templateName": "demo template",
    "submittedAt": 1703004336660,
    "reviewerName": null,
    "status": "SUBMITTED",
    "score": 23.333333333333332
  },
  {
    "id": 723667666,
    "projectCode": null,
    "projectName": "Allica - Azure Data Factory",
    "accountName": "ALLICA BANK LIMITED",
    "templateName": "demo template",
    "submittedAt": 1702977814830,
    "reviewerName": null,
    "status": "SUBMITTED",
    "score": 50
  },
  {
    "id": 865564835,
    "projectCode": null,
    "projectName": "H&N-EL1 Batch3",
    "accountName": "Maveric Internal Project",
    "templateName": "Sanity",
    "submittedAt": 1702450982755,
    "reviewerName": "Arsuda Ravi Bhanjibhai",
    "status": "REVIEWED",
    "score": 53.333333333333336
  },
  {
    "id": 484826554,
    "projectCode": null,
    "projectName": "Q6 - API Development",
    "accountName": "Quantum Six",
    "templateName": "Demo Template",
    "submittedAt": 1702376361314,
    "reviewerName": "Baranidharan D",
    "status": "REVIEWED",
    "score": 41.666666666666664
  },
  {
    "id": 848543309,
    "projectCode": null,
    "projectName": "UNOBank - BPMS & DevOps Squads",
    "accountName": "UNObank Inc.",
    "templateName": "Sumit Ass Template1",
    "submittedAt": 1702373400727,
    "reviewerName": null,
    "status": "SUBMITTED",
    "score": 20.000000000000004
  },
  {
    "id": 257569138,
    "projectCode": null,
    "projectName": "Support Functions | Finance - Payroll",
    "accountName": "Maveric Internal Project",
    "templateName": "Demo Template",
    "submittedAt": 1702362625026,
    "reviewerName": "Baranidharan D",
    "status": "REVIEWED",
    "score": 33.333333333333336
  },
  {
    "id": 342474227,
    "projectCode": null,
    "projectName": "Citi APAC-API-Digital",
    "accountName": "Citibank N.A , Singapore Branch",
    "templateName": "Demo Template",
    "submittedAt": 1702362982418,
    "reviewerName": "Baranidharan D",
    "status": "REVIEWED",
    "score": 28.33333333333334
  },
  {
    "id": 450056522,
    "projectCode": null,
    "projectName": "Citi APAC-AU OpenShift Environment Setup",
    "accountName": "Citibank N.A , Singapore Branch",
    "templateName": "Demo Template",
    "submittedAt": 1702363148284,
    "reviewerName": "Baranidharan D",
    "status": "REVIEWED",
    "score": 23.333333333333332
  },
  {
    "id": 324220093,
    "projectCode": null,
    "projectName": "Development Digital - Digita",
    "accountName": "C_Metro Bank PLC",
    "templateName": "Sanity",
    "submittedAt": 1702370174546,
    "reviewerName": "Baranidharan D",
    "status": "REVIEWED",
    "score": 20.000000000000004
  },
  {
    "id": 859895056,
    "projectCode": null,
    "projectName": "Ejada Systems_Digital Services_Digital BU",
    "accountName": "EJADA SYSTEMS CO. LTD",
    "templateName": "Demo Template",
    "submittedAt": 1702371436222,
    "reviewerName": "Baranidharan D",
    "status": "REVIEWED",
    "score": 31.666666666666668
  },
  {
    "id": 876403301,
    "projectCode": null,
    "projectName": "British Arab Commercial Bank Plc- PSD2 Solution Implementation & Support",
    "accountName": "BRITISH ARAB COMMERCIAL BANK",
    "templateName": "Demo Template",
    "submittedAt": 1702363363191,
    "reviewerName": "Baranidharan D",
    "status": "REVIEWED",
    "score": 53.333333333333336
  },
  {
    "id": 263152330,
    "projectCode": null,
    "projectName": "Support Functions | Finance - Payroll",
    "accountName": "Maveric Internal Project",
    "templateName": "Demo Template",
    "submittedAt": 1702363512252,
    "reviewerName": "Baranidharan D",
    "status": "REVIEWED",
    "score": 25
  },
  {
    "id": 734442839,
    "projectCode": null,
    "projectName": "Think NXT-L2_B1",
    "accountName": "Maveric Internal Project",
    "templateName": "Demo Template",
    "submittedAt": 1702363536868,
    "reviewerName": "Baranidharan D",
    "status": "REVIEWED",
    "score": 50
  },
  {
    "id": 62785065,
    "projectCode": null,
    "projectName": "ADCB - Intellect Collect Performance Testing - QA",
    "accountName": "C_Abu Dhabi Commercial Bank",
    "templateName": "Demo Template",
    "submittedAt": 1702363537899,
    "reviewerName": "Baranidharan D",
    "status": "REVIEWED",
    "score": 18.333333333333332
  },
  {
    "id": 373591175,
    "projectCode": null,
    "projectName": "Support Functions | Quality Assurance Group",
    "accountName": "Maveric Internal Project",
    "templateName": "Demo Template",
    "submittedAt": 1702364312403,
    "reviewerName": "Baranidharan D",
    "status": "REVIEWED",
    "score": 10
  },
  {
    "id": 839463515,
    "projectCode": null,
    "projectName": "Natwest-QE",
    "accountName": "Credit Suisse Services AG Pune Branch",
    "templateName": "Demo Template",
    "submittedAt": 1702366118856,
    "reviewerName": "Baranidharan D",
    "status": "REVIEWED",
    "score": 33.333333333333336
  },
  {
    "id": 253301365,
    "projectCode": null,
    "projectName": "Natwest-QE",
    "accountName": "Credit Suisse Services AG Pune Branch",
    "templateName": "Demo Template",
    "submittedAt": 1702366181741,
    "reviewerName": "Baranidharan D",
    "status": "REVIEWED",
    "score": 10
  },
  {
    "id": 137429836,
    "projectCode": null,
    "projectName": "Natwest-QE",
    "accountName": "Credit Suisse Services AG Pune Branch",
    "templateName": "Demo Template",
    "submittedAt": 1702366221765,
    "reviewerName": "Baranidharan D",
    "status": "REVIEWED",
    "score": 10
  },
  {
    "id": 836802374,
    "projectCode": null,
    "projectName": "Natwest-QE",
    "accountName": "Credit Suisse Services AG Pune Branch",
    "templateName": "Demo Template",
    "submittedAt": 1702366255513,
    "reviewerName": "Baranidharan D",
    "status": "REVIEWED",
    "score": 10
  },
  {
    "id": 358147968,
    "projectCode": null,
    "projectName": "Natwest-QE",
    "accountName": "Credit Suisse Services AG Pune Branch",
    "templateName": "Demo Template",
    "submittedAt": 1702366280494,
    "reviewerName": "Baranidharan D",
    "status": "REVIEWED",
    "score": 10
  },
  {
    "id": 597394920,
    "projectCode": null,
    "projectName": "Natwest-QE",
    "accountName": "Credit Suisse Services AG Pune Branch",
    "templateName": "Demo Template",
    "submittedAt": 1702366345212,
    "reviewerName": "Baranidharan D",
    "status": "REVIEWED",
    "score": 10
  },
  {
    "id": 320191307,
    "projectCode": null,
    "projectName": "Metro Bank - Kafka Engineering FT - Digital",
    "accountName": "Metro Bank PLC",
    "templateName": "Demo Template",
    "submittedAt": 1702366467134,
    "reviewerName": "Baranidharan D",
    "status": "REVIEWED",
    "score": 36.66666666666667
  },
  {
    "id": 827571904,
    "projectCode": null,
    "projectName": "DIGITAL | Non-Delivery | Pre-Sales",
    "accountName": "Maveric Internal Project",
    "templateName": "Demo Template",
    "submittedAt": 1702366540864,
    "reviewerName": "Baranidharan D",
    "status": "REVIEWED",
    "score": 18.333333333333336
  },
  {
    "id": 891028722,
    "projectCode": null,
    "projectName": "Natwest-QE",
    "accountName": "Credit Suisse Services AG Pune Branch",
    "templateName": "Demo Template",
    "submittedAt": 1702366561918,
    "reviewerName": "Baranidharan D",
    "status": "REVIEWED",
    "score": 10
  },
  {
    "id": 257671650,
    "projectCode": null,
    "projectName": "VODAFONE QATAR",
    "accountName": "VODAFONE QATAR",
    "templateName": "Demo Template",
    "submittedAt": 1702367103189,
    "reviewerName": "Arsuda Ravi Bhanjibhai",
    "status": "REVIEWED",
    "score": 30
  },
  {
    "id": 274676134,
    "projectCode": null,
    "projectName": "Q6 - API Development",
    "accountName": "Quantum Six",
    "templateName": "Demo Template",
    "submittedAt": 1702366655625,
    "reviewerName": "Baranidharan D",
    "status": "REVIEWED",
    "score": 16.666666666666668
  },
  {
    "id": 462149197,
    "projectCode": null,
    "projectName": "Natwest-QE",
    "accountName": "Credit Suisse Services AG Pune Branch",
    "templateName": "Demo Template",
    "submittedAt": 1702365982892,
    "reviewerName": "Baranidharan D",
    "status": "REVIEWED",
    "score": 16.666666666666664
  },
  {
    "id": 787319414,
    "projectCode": null,
    "projectName": "Support Functions | Legal",
    "accountName": "Maveric Internal Project",
    "templateName": "Demo Template",
    "submittedAt": 1702364836288,
    "reviewerName": "Baranidharan D",
    "status": "REVIEWED",
    "score": 20
  },
  {
    "id": 776715105,
    "projectCode": null,
    "projectName": "Thought Leadership | Managing Editor",
    "accountName": "Maveric Internal Project",
    "templateName": "Demo Template",
    "submittedAt": 1702362917319,
    "reviewerName": "Baranidharan D",
    "status": "REVIEWED",
    "score": 18.333333333333336
  },
  {
    "id": 193972081,
    "projectCode": null,
    "projectName": "Citibank NA Singapore Branch- Citi API - Digital (Onsite)",
    "accountName": "Citibank N.A , Singapore Branch",
    "templateName": "Demo Template",
    "submittedAt": 1702362768557,
    "reviewerName": "Baranidharan D",
    "status": "REVIEWED",
    "score": 40
  },
  {
    "id": 888642623,
    "projectCode": null,
    "projectName": "SCB – Test Execution",
    "accountName": "Standard Chartered Global Business Services Sdn Bhd",
    "templateName": "Demo Template",
    "submittedAt": 1702362903415,
    "reviewerName": null,
    "status": "SUBMITTED",
    "score": 26.666666666666668
  },
  {
    "id": 996848223,
    "projectCode": null,
    "projectName": "ThinkNXT - QE",
    "accountName": "Maveric Internal Project",
    "templateName": "Demo Template",
    "submittedAt": 1702362861635,
    "reviewerName": "Baranidharan D",
    "status": "REVIEWED",
    "score": 25
  },
  {
    "id": 326977549,
    "projectCode": null,
    "projectName": "ThinkNXT - QE",
    "accountName": "Maveric Internal Project",
    "templateName": "Demo Template",
    "submittedAt": 1702362733504,
    "reviewerName": "Baranidharan D",
    "status": "REVIEWED",
    "score": 36.66666666666667
  },
  {
    "id": 457210196,
    "projectCode": null,
    "projectName": "DIGITAL | Non-Delivery | Tech Group",
    "accountName": "Maveric Internal Project",
    "templateName": "Demo Template",
    "submittedAt": 1702362649913,
    "reviewerName": null,
    "status": "SUBMITTED",
    "score": 40
  },
  {
    "id": 557253966,
    "projectCode": null,
    "projectName": "Natwest-QE",
    "accountName": "Natwest Group",
    "templateName": "Demo Template",
    "submittedAt": 1702362583675,
    "reviewerName": null,
    "status": "SUBMITTED",
    "score": 43.333333333333336
  }
]