[
  {
    "id": 848543309,
    "accountName": "UNObank Inc.",
    "projectName": "UNOBank - BPMS & DevOps Squads",
    "submittedAt": 1702373400727,
    "submitterName": "Shantanu Balabhau Belankar",
    "projectCode": null,
    "deliveryUnit": "DIGITAL (DGT)"
  },
  {
    "id": 888642623,
    "accountName": "Standard Chartered Global Business Services Sdn Bhd",
    "projectName": "SCB – Test Execution",
    "submittedAt": 1702362903415,
    "submitterName": "Arsuda Ravi Bhanjibhai",
    "projectCode": null,
    "deliveryUnit": "DATA"
  },
  {
    "id": 457210196,
    "accountName": "Maveric Internal Project",
    "projectName": "DIGITAL | Non-Delivery | Tech Group",
    "submittedAt": 1702362649913,
    "submitterName": "Shantanu Balabhau Belankar",
    "projectCode": null,
    "deliveryUnit": "DIGITAL (DGT)"
  },
  {
    "id": 557253966,
    "accountName": "Natwest Group",
    "projectName": "Natwest-QE",
    "submittedAt": 1702362583675,
    "submitterName": "Shantanu Balabhau Belankar",
    "projectCode": null,
    "deliveryUnit": "QE (QEX)"
  }
]
