{
  "templateId": 1,
  "templateName": "T1",
  "templateUploadedUserId": 1,
  "projectType": "internal",
  "templateUploadedUserName": "Ravi",
  "scoreScale": {
    "id": 1,
    "name": "Score 1",
    "range": [
      {
        "from": 1,
        "to": 2,
        "optionIndex": 1
      },
      {
        "from": 3,
        "to": 4,
        "optionIndex": 2
      },
      {
        "from": 5,
        "to": 7,
        "optionIndex": 3
      },
      {
        "from": 8,
        "to": 10,
        "optionIndex": 4
      }
    ]
  },
  "projectCategory": [
    {
      "categoryName": "Initiation Phase",
      "templateQuestionnaire": [
        {
          "questionId": 1,
          "question": "1. How well-defined are the project objectives? ",
          "fieldType": "radio",
          "scoreCategory": "importance"
        },
        {
          "questionId": 1,
          "question": "2. How well did you understood the project?",
          "fieldType": "radio",
          "scoreCategory": "importance"
        },
        {
          "questionId": 1,
          "question": "3. Are you contributing significantly for the project ",
          "fieldType": "radio",
          "scoreCategory": "importance"
        },
        {
          "questionId": 1,
          "question": "4. Did you understood the requirements of the project and working promptly ",
          "fieldType": "radio",
          "scoreCategory": "importance"
        },
        {
          "questionId": 1,
          "question": "5. What are this project's main risks and challenges?",
          "fieldType": "radio",
          "scoreCategory": "importance"
        },
        {
          "questionId": 1,
          "question": "6. How would the team communicate while working on the project?",
          "fieldType": "radio",
          "scoreCategory": "importance"
        },
        {
          "questionId": 1,
          "question": "7. What tasks have priority over others?",
          "fieldType": "radio",
          "scoreCategory": "importance"
        },
        {
          "questionId": 1,
          "question": "8. What are the most important decisions you're likely to make while working on the project?",
          "fieldType": "radio",
          "scoreCategory": "importance"
        },
        {
          "questionId": 1,
          "question": "9. What tools do we use?",
          "fieldType": "radio",
          "scoreCategory": "importance"
        },
        {
          "questionId": 1,
          "question": "10. How flexible are the project's goals?",
          "fieldType": "radio",
          "scoreCategory": "importance"
        }
      ]
    }
  ],
  "scoreCategories": [
    {
      "categoryId": 1,
      "categoryName": "importance",
      "categoryOptions": [
        {
          "label": "Very Unimportant",
          "optionIndex": 1
        },
        {
          "label": "UnImportant",
          "optionIndex": 2
        },
        {
          "label": "Neutral",
          "optionIndex": 3
        },
        {
          "label": "important",
          "optionIndex": 4
        },
        {
          "label": "Very important",
          "optionIndex": 5
        }
      ]
    }
  ]
}

