[
    {
        "submitterName": "Manoj Ramnarayan Yadav",
        "projectName": "H&N-EL1 Batch3",
        "reviewerName": "Arsuda Ravi Bhanjibhai",
        "score": 53.333333333333336,
        "businessUnitName": "CORPORATE.",
        "submitStatus": "REVIEWED",
        "accountName": "Maveric Internal Project",
        "projectCode": null,
        "submittedAt": null
    },
    {
        "submitterName": "Darshan H P",
        "projectName": "UNOBank - BPMS & DevOps Squads",
        "reviewerName": "",
        "score": 0,
        "businessUnitName": "DIGITAL (DGT)",
        "submitStatus": "SAVE",
        "accountName": "UNObank Inc.",
        "projectCode": null,
        "submittedAt": null
    },
    {
        "submitterName": "Darshan H P",
        "projectName": "British Arab Commercial Bank Plc- PSD2 Solution Implementation & Support",
        "reviewerName": "",
        "score": 0,
        "businessUnitName": "DIGITAL (DGT)",
        "submitStatus": "SAVE",
        "accountName": "BRITISH ARAB COMMERCIAL BANK",
        "projectCode": null,
        "submittedAt": null
    },
    {
        "submitterName": "Shantanu Balabhau Belankar",
        "projectName": "Q6 - API Development",
        "reviewerName": "Baranidharan D",
        "score": 41.666666666666664,
        "businessUnitName": "DIGITAL (DGT)",
        "submitStatus": "REVIEWED",
        "accountName": "Quantum Six",
        "projectCode": null,
        "submittedAt": null
    },
    {
        "submitterName": "Shantanu Balabhau Belankar",
        "projectName": "UNOBank - BPMS & DevOps Squads",
        "reviewerName": "",
        "score": 20.000000000000004,
        "businessUnitName": "DIGITAL (DGT)",
        "submitStatus": "SUBMITTED",
        "accountName": "UNObank Inc.",
        "projectCode": null,
        "submittedAt": null
    },
    {
        "submitterName": "Shantanu Balabhau Belankar",
        "projectName": "Support Functions | Finance - Payroll",
        "reviewerName": "Baranidharan D",
        "score": 33.333333333333336,
        "businessUnitName": "CORPORATE (COR)",
        "submitStatus": "REVIEWED",
        "accountName": "Maveric Internal Project",
        "projectCode": null,
        "submittedAt": null
    },
    {
        "submitterName": "Shantanu Balabhau Belankar",
        "projectName": "Citi APAC-API-Digital",
        "reviewerName": "Baranidharan D",
        "score": 28.33333333333334,
        "businessUnitName": "DIGITAL (DGT)",
        "submitStatus": "REVIEWED",
        "accountName": "Citibank N.A , Singapore Branch",
        "projectCode": null,
        "submittedAt": null
    },
    {
        "submitterName": "Shantanu Balabhau Belankar",
        "projectName": "Citi APAC-AU OpenShift Environment Setup",
        "reviewerName": "Baranidharan D",
        "score": 23.333333333333332,
        "businessUnitName": "DIGITAL (DGT)",
        "submitStatus": "REVIEWED",
        "accountName": "Citibank N.A , Singapore Branch",
        "projectCode": null,
        "submittedAt": null
    },
    {
        "submitterName": "Manoj Viswanathan",
        "projectName": "Development Digital - Digita",
        "reviewerName": "Baranidharan D",
        "score": 20.000000000000004,
        "businessUnitName": "DIGITAL.",
        "submitStatus": "REVIEWED",
        "accountName": "C_Metro Bank PLC",
        "projectCode": null,
        "submittedAt": null
    },
    {
        "submitterName": "Shantanu Balabhau Belankar",
        "projectName": "Ejada Systems_Digital Services_Digital BU",
        "reviewerName": "Baranidharan D",
        "score": 31.666666666666668,
        "businessUnitName": "DIGITAL (DGT)",
        "submitStatus": "REVIEWED",
        "accountName": "EJADA SYSTEMS CO. LTD",
        "projectCode": null,
        "submittedAt": null
    }
]